dataset,split,n_runs,auroc_mean,auprc_mean,f1_mean,accuracy_mean,sensitivity_mean,specificity_mean,precision_mean
BINDINGDB,COLD_DRUG,3,0.8546602173432788,0.968360019525063,0.9405235564034822,0.8881506701229137,0.9992850634423734,0.032656729866334853,0.8882907659704449
BINDINGDB,COLD_TARGET,3,0.739244810257926,0.9352220378116743,0.9363928391032884,0.881849466855852,0.9944008474581802,0.08530968216470998,0.8849385480148874
BINDINGDB,RANDOM,3,0.8947411812326515,0.9826087408129319,0.955616553612341,0.9172165527394512,0.9923227967303516,0.25323438232338663,0.921530904702086
DAVIS,COLD_DRUG,3,0.6498208118618605,0.9478081282144527,0.959198831102765,0.9217238346525946,1.0,0.0,0.9217238346525946
DAVIS,COLD_TARGET,3,0.7879688641984584,0.9740750887876414,0.9624865342223511,0.9276960784313726,1.0,0.0,0.9276960784313726
DAVIS,RANDOM,3,0.8610061532739813,0.9858584525177941,0.9632545362984962,0.9291165437847626,1.0,0.0,0.9291165437847626
KIBA,COLD_DRUG,3,0.7281924148308278,0.9029706230110452,0.8848723840087575,0.7935724354065258,0.9999577310000846,0.0003392327557833101,0.793584980925781
KIBA,COLD_TARGET,3,0.7494614099557122,0.9101791440204964,0.8977667267147721,0.8151946086019267,0.9998625756692041,0.012895844001231067,0.8148798904732949
KIBA,RANDOM,3,0.8453249133656277,0.9520732779147923,0.9005907259743234,0.8218676580253655,0.9982318155740941,0.0778641223027736,0.8203607696264572
